[{"title": "Application performance", "plot_types": ["scatter", "grouped_bar", "stacked_bar", "sunburst", "heatmap"], "transformation": "performance", "aggregations": null, "variables": ["constructor", "constructor.updateForUse", "simulation", "postprocess"], "names": ["constructor", "updateForUse", "simulation", "postprocess"], "xaxis": {"parameter": "tasks", "label": "Number of tasks"}, "secondary_axis": null, "yaxis": {"parameter": null, "label": "execution time (s)"}, "color_axis": {"parameter": "performance_variable", "label": "Step"}, "extra_axes": [], "layout_modifiers": {}}, {"title": "Application speedup", "plot_types": ["scatter"], "transformation": "speedup", "aggregations": null, "variables": ["constructor", "constructor.updateForUse", "simulation", "postprocess"], "names": ["constructor", "updateForUse", "simulation", "postprocess"], "xaxis": {"parameter": "tasks", "label": "Number of tasks"}, "secondary_axis": null, "yaxis": {"parameter": null, "label": "speedup"}, "color_axis": {"parameter": "performance_variable", "label": "Step"}, "extra_axes": [], "layout_modifiers": {}}, {"title": "Constructor", "plot_types": ["scatter", "grouped_bar", "stacked_bar", "sunburst", "heatmap"], "transformation": "performance", "aggregations": null, "variables": ["constructor.updateForUse.buildingMap", "constructor.updateForUse.gisMeshInit", "constructor.updateForUse.gisPartition", "constructor.updateForUse.initBuildingModels", "constructor.updateForUse.scenarios", "constructor.updateForUse.sunModel", "constructor.updateForUse.updateMeshBuilding", "constructor.updateForUse.weather"], "names": ["buildingMap", "gisMeshInit", "gisPartition", "initBuildingModels", "scenarios", "sunModel", "updateMeshBuilding", "weather"], "xaxis": {"parameter": "tasks", "label": "Number of tasks"}, "secondary_axis": null, "yaxis": {"parameter": null, "label": "execution time (s)"}, "color_axis": {"parameter": "performance_variable", "label": "Step"}, "extra_axes": [], "layout_modifiers": {}}, {"title": "Constructor - speedup", "plot_types": ["scatter"], "transformation": "speedup", "aggregations": null, "variables": ["constructor.updateForUse.buildingMap", "constructor.updateForUse.gisMeshInit", "constructor.updateForUse.gisPartition", "constructor.updateForUse.initBuildingModels", "constructor.updateForUse.scenarios", "constructor.updateForUse.sunModel", "constructor.updateForUse.updateMeshBuilding", "constructor.updateForUse.weather"], "names": ["buildingMap", "gisMeshInit", "gisPartition", "initBuildingModels", "scenarios", "sunModel", "updateMeshBuilding", "weather"], "xaxis": {"parameter": "tasks", "label": "Number of tasks"}, "secondary_axis": null, "yaxis": {"parameter": null, "label": "speedup"}, "color_axis": {"parameter": "performance_variable", "label": "Step"}, "extra_axes": [], "layout_modifiers": {}}, {"title": "Simulation", "plot_types": ["scatter", "grouped_bar", "stacked_bar", "sunburst", "heatmap"], "transformation": "performance", "aggregations": null, "variables": ["simulation.buildingExecuteStep", "simulation.solarMasks"], "names": ["buildingExecuteStep", "solarMasks"], "xaxis": {"parameter": "tasks", "label": "Number of tasks"}, "secondary_axis": null, "yaxis": {"parameter": null, "label": "execution time (s)"}, "color_axis": {"parameter": "performance_variable", "label": "Step"}, "extra_axes": [], "layout_modifiers": {}}, {"title": "Simulation - Speedup", "plot_types": ["scatter"], "transformation": "speedup", "aggregations": null, "variables": ["simulation.buildingExecuteStep", "simulation.solarMasks"], "names": ["buildingExecuteStep", "solarMasks"], "xaxis": {"parameter": "tasks", "label": "Number of tasks"}, "secondary_axis": null, "yaxis": {"parameter": null, "label": "speedup"}, "color_axis": {"parameter": "performance_variable", "label": "Step"}, "extra_axes": [], "layout_modifiers": {}}, {"title": "Postprocess", "plot_types": ["scatter", "grouped_bar", "stacked_bar", "sunburst", "heatmap"], "transformation": "performance", "aggregations": null, "variables": ["postprocess.report", "postprocess.exportOutputs", "postprocess.visualization"], "names": ["report", "exportOutputs", "visualization"], "xaxis": {"parameter": "tasks", "label": "Number of tasks"}, "secondary_axis": null, "yaxis": {"parameter": null, "label": "execution time (s)"}, "color_axis": {"parameter": "performance_variable", "label": "Step"}, "extra_axes": [], "layout_modifiers": {}}, {"title": "Postprocess - Speedup", "plot_types": ["scatter"], "transformation": "speedup", "aggregations": null, "variables": ["postprocess.report", "postprocess.exportOutputs", "postprocess.visualization"], "names": ["report", "exportOutputs", "visualization"], "xaxis": {"parameter": "tasks", "label": "Number of tasks"}, "secondary_axis": null, "yaxis": {"parameter": null, "label": "speedup"}, "color_axis": {"parameter": "performance_variable", "label": "Step"}, "extra_axes": [], "layout_modifiers": {}}]